time,open,high,low,close,volume
2023-07-25 09:00:00,912.0,929.0,877.0,919.0,386420500.4399387
2023-07-26 09:00:00,919.0,944.0,898.0,925.0,239631726.0735937
2023-07-27 09:00:00,924.0,948.0,916.0,925.0,178143310.05662218
2023-07-28 09:00:00,926.0,931.0,914.0,922.0,128348199.92527144
2023-07-29 09:00:00,921.0,925.0,914.0,919.0,81124728.52254608
2023-07-30 09:00:00,920.0,952.0,900.0,911.0,270435583.58825046
2023-07-31 09:00:00,911.0,933.0,895.0,906.0,152371366.72330245
2023-08-01 09:00:00,907.0,920.0,889.0,919.0,187303629.0537162
2023-08-02 09:00:00,919.0,921.0,895.0,902.0,125892574.17431618
2023-08-03 09:00:00,902.0,904.0,868.0,872.0,202386190.38939384
2023-08-04 09:00:00,873.0,882.0,832.0,842.0,216494887.677723
2023-08-05 09:00:00,842.0,842.0,807.0,832.0,211902034.16026312
2023-08-06 09:00:00,833.0,847.0,825.0,828.0,110301759.98105362
2023-08-07 09:00:00,829.0,834.0,800.0,824.0,205717425.04712346
2023-08-08 09:00:00,825.0,855.0,816.0,850.0,150876170.54551837
2023-08-09 09:00:00,849.0,884.0,841.0,851.0,263271903.93247882
2023-08-10 09:00:00,851.0,855.0,828.0,840.0,165982034.50922105
2023-08-11 09:00:00,840.0,853.0,837.0,841.0,87274471.3056483
2023-08-12 09:00:00,842.0,844.0,834.0,837.0,51228146.83904202
2023-08-13 09:00:00,838.0,850.0,835.0,837.0,51433066.22151097
2023-08-14 09:00:00,837.0,849.0,834.0,846.0,77854773.30453277
2023-08-15 09:00:00,846.0,847.0,803.0,823.0,125016455.53968526
2023-08-16 09:00:00,824.0,837.0,789.0,799.0,316375001.1223073
2023-08-17 09:00:00,799.0,808.0,673.0,697.0,546339937.4970651
2023-08-18 09:00:00,697.0,717.0,662.0,696.0,534966692.07871664
2023-08-19 09:00:00,697.0,724.0,691.0,717.0,221138239.22476986
2023-08-20 09:00:00,718.0,767.0,714.0,739.0,346882728.8836387
2023-08-21 09:00:00,739.0,741.0,698.0,717.0,229272113.71465588
2023-08-22 09:00:00,718.0,719.0,693.0,713.0,167496312.12355474
2023-08-23 09:00:00,713.0,728.0,705.0,720.0,134510248.9765976
2023-08-24 09:00:00,720.0,722.0,697.0,705.0,120311116.42002903
2023-08-25 09:00:00,706.0,723.0,691.0,715.0,196101394.92935437
2023-08-26 09:00:00,715.0,718.0,705.0,712.0,68917439.30931479
2023-08-27 09:00:00,712.0,720.0,705.0,711.0,70654639.94084077
2023-08-28 09:00:00,711.0,711.0,694.0,706.0,110582412.51708117
2023-08-29 09:00:00,707.0,743.0,696.0,728.0,286700799.4819234
2023-08-30 09:00:00,728.0,729.0,709.0,718.0,156320214.28755766
2023-08-31 09:00:00,717.0,720.0,693.0,698.0,162168156.23052934
2023-09-01 09:00:00,698.0,700.0,671.0,682.0,200990494.31568944
2023-09-02 09:00:00,682.0,685.0,674.0,679.0,122475823.12131645
2023-09-03 09:00:00,679.0,697.0,676.0,686.0,95144167.0708039
2023-09-04 09:00:00,685.0,695.0,676.0,689.0,113599871.05587184
2023-09-05 09:00:00,689.0,689.0,680.0,687.0,107378988.53809215
2023-09-06 09:00:00,687.0,688.0,672.0,683.0,95276664.4315579
2023-09-07 09:00:00,684.0,688.0,676.0,685.0,87525084.42416798
2023-09-08 09:00:00,685.0,689.0,676.0,686.0,91059646.4651177
2023-09-09 09:00:00,687.0,688.0,683.0,686.0,44198122.58567223
2023-09-10 09:00:00,686.0,686.0,675.0,677.0,77915339.7584092
2023-09-11 09:00:00,678.0,679.0,637.0,647.0,267592996.55368108
2023-09-12 09:00:00,647.0,659.0,641.0,652.0,186104972.93216535
2023-09-13 09:00:00,651.0,664.0,645.0,653.0,160702795.69604212
2023-09-14 09:00:00,654.0,668.0,651.0,661.0,143861041.64080447
2023-09-15 09:00:00,661.0,686.0,660.0,675.0,203579327.82990733
2023-09-16 09:00:00,675.0,681.0,673.0,677.0,115807604.70582247
2023-09-17 09:00:00,677.0,677.0,663.0,665.0,106092938.18764505
2023-09-18 09:00:00,664.0,681.0,659.0,675.0,138772010.1216543
2023-09-19 09:00:00,676.0,692.0,672.0,688.0,128753757.64615016
2023-09-20 09:00:00,688.0,706.0,683.0,702.0,182123393.67878544
2023-09-21 09:00:00,701.0,702.0,678.0,687.0,146074720.29828867
2023-09-22 09:00:00,687.0,699.0,683.0,693.0,91654017.01615848
2023-09-23 09:00:00,693.0,695.0,685.0,687.0,63618363.56592218
2023-09-24 09:00:00,688.0,692.0,677.0,680.0,80194967.24560156
2023-09-25 09:00:00,679.0,684.0,666.0,681.0,122654220.6100798
2023-09-26 09:00:00,682.0,688.0,676.0,681.0,103177070.07310629
2023-09-27 09:00:00,680.0,690.0,677.0,682.0,115757186.70027415
2023-09-28 09:00:00,681.0,692.0,678.0,690.0,119676344.76211151
2023-09-29 09:00:00,690.0,745.0,688.0,706.0,426961053.28278625
2023-09-30 09:00:00,705.0,707.0,697.0,699.0,112625396.33547713
2023-10-01 09:00:00,699.0,709.0,696.0,708.0,95039528.76042342
2023-10-02 09:00:00,708.0,713.0,694.0,697.0,129912166.1955958
2023-10-03 09:00:00,696.0,747.0,690.0,731.0,272470577.8450688
2023-10-04 09:00:00,732.0,737.0,707.0,721.0,300630699.66998446
2023-10-05 09:00:00,721.0,721.0,703.0,709.0,142032414.7475449
2023-10-06 09:00:00,710.0,715.0,704.0,710.0,101910740.0543414
2023-10-07 09:00:00,711.0,712.0,706.0,709.0,46822437.98509593
2023-10-08 09:00:00,708.0,711.0,702.0,703.0,59081170.12501643
2023-10-09 09:00:00,703.0,708.0,674.0,684.0,188448448.01364002
2023-10-10 09:00:00,685.0,685.0,672.0,676.0,116009709.98777302
2023-10-11 09:00:00,676.0,678.0,656.0,667.0,157503045.7467884
2023-10-12 09:00:00,666.0,667.0,649.0,662.0,151462831.39575848
2023-10-13 09:00:00,663.0,673.0,659.0,667.0,96555145.62195748
2023-10-14 09:00:00,667.0,671.0,665.0,667.0,69465472.4042181
2023-10-15 09:00:00,667.0,670.0,663.0,665.0,101613967.53356346
2023-10-16 09:00:00,665.0,695.0,663.0,676.0,220861525.5158948
2023-10-17 09:00:00,675.0,676.0,663.0,668.0,123980906.64154114
2023-10-18 09:00:00,669.0,672.0,664.0,667.0,124001598.77050138
2023-10-19 09:00:00,666.0,713.0,654.0,706.0,336386912.0724199
2023-10-20 09:00:00,706.0,723.0,689.0,699.0,355917199.0911892
2023-10-21 09:00:00,699.0,720.0,693.0,703.0,155071389.8773455
2023-10-22 09:00:00,703.0,708.0,695.0,702.0,112966000.54825957
2023-10-23 09:00:00,702.0,735.0,702.0,730.0,309618843.44325036
2023-10-24 09:00:00,730.0,790.0,715.0,752.0,658666353.6829463
2023-10-25 09:00:00,752.0,761.0,733.0,749.0,220325007.01121643
2023-10-26 09:00:00,749.0,769.0,736.0,747.0,264503730.72925586
2023-10-27 09:00:00,747.0,754.0,733.0,738.0,133202694.88775872
2023-10-28 09:00:00,738.0,747.0,736.0,741.0,92131403.34626032
2023-10-29 09:00:00,741.0,760.0,738.0,754.0,136844427.20813698
2023-10-30 09:00:00,753.0,796.0,747.0,782.0,322799610.0006803
2023-10-31 09:00:00,783.0,847.0,766.0,814.0,573169115.9203569
2023-11-01 09:00:00,814.0,834.0,792.0,825.0,303663147.88977253
2023-11-02 09:00:00,825.0,845.0,802.0,824.0,330909064.9066735
2023-11-03 09:00:00,824.0,825.0,797.0,823.0,220516459.80324787
2023-11-04 09:00:00,822.0,832.0,819.0,825.0,152280490.265151
2023-11-05 09:00:00,825.0,890.0,824.0,887.0,478687191.5597768
2023-11-06 09:00:00,888.0,978.0,883.0,953.0,699046503.2285767
2023-11-07 09:00:00,953.0,954.0,881.0,916.0,451187282.08576465
2023-11-08 09:00:00,916.0,934.0,898.0,915.0,297369835.74290484
2023-11-09 09:00:00,915.0,938.0,861.0,898.0,635238833.7156947
2023-11-10 09:00:00,898.0,899.0,864.0,886.0,378109749.37598467
2023-11-11 09:00:00,886.0,928.0,863.0,887.0,413200259.39959824
2023-11-12 09:00:00,886.0,893.0,868.0,882.0,178930807.78163147
2023-11-13 09:00:00,881.0,1000.0,868.0,902.0,556208133.4372238
2023-11-14 09:00:00,902.0,905.0,834.0,850.0,449357657.68253434
2023-11-15 09:00:00,850.0,867.0,831.0,864.0,247514131.29061568
2023-11-16 09:00:00,864.0,873.0,822.0,827.0,321368400.740637
2023-11-17 09:00:00,827.0,839.0,798.0,827.0,238736017.98402458
2023-11-18 09:00:00,827.0,828.0,799.0,821.0,122905044.80591705
2023-11-19 09:00:00,821.0,843.0,810.0,833.0,156835577.2216623
2023-11-20 09:00:00,833.0,836.0,820.0,822.0,120027665.18546338
2023-11-21 09:00:00,821.0,827.0,783.0,784.0,220847707.2743686
2023-11-22 09:00:00,784.0,822.0,783.0,818.0,167374207.4249809
2023-11-23 09:00:00,816.0,833.0,811.0,830.0,161250744.76731506
2023-11-24 09:00:00,831.0,837.0,827.0,832.0,142448507.53076026
2023-11-25 09:00:00,832.0,835.0,824.0,832.0,78925303.235962
2023-11-26 09:00:00,832.0,852.0,822.0,826.0,190214986.2976595
2023-11-27 09:00:00,825.0,828.0,804.0,815.0,160771247.7158325
2023-11-28 09:00:00,815.0,820.0,801.0,816.0,119906469.2995727
2023-11-29 09:00:00,815.0,823.0,811.0,816.0,110450487.25847289
2023-11-30 09:00:00,817.0,817.0,805.0,812.0,112061555.1073725
2023-12-01 09:00:00,812.0,822.0,809.0,818.0,94764489.86163424
2023-12-02 09:00:00,818.0,828.0,817.0,826.0,84854934.10829838
2023-12-03 09:00:00,827.0,847.0,825.0,836.0,161358520.688661
2023-12-04 09:00:00,836.0,862.0,828.0,845.0,318750471.2243411
2023-12-05 09:00:00,845.0,852.0,826.0,847.0,242616546.90335578
2023-12-06 09:00:00,847.0,887.0,844.0,881.0,466555564.4082047
2023-12-07 09:00:00,882.0,900.0,856.0,881.0,359039531.59601986
2023-12-08 09:00:00,881.0,918.0,870.0,915.0,356382182.70236266
2023-12-09 09:00:00,914.0,950.0,903.0,905.0,484660056.523696
2023-12-10 09:00:00,905.0,919.0,885.0,904.0,217795612.1916786
2023-12-11 09:00:00,904.0,906.0,832.0,854.0,434895576.88984793
2023-12-12 09:00:00,853.0,865.0,845.0,858.0,261007806.30658555
2023-12-13 09:00:00,859.0,877.0,835.0,865.0,247427395.29166326
2023-12-14 09:00:00,864.0,870.0,848.0,862.0,230676567.5877
2023-12-15 09:00:00,863.0,884.0,851.0,852.0,215062167.07305086
2023-12-16 09:00:00,852.0,857.0,843.0,851.0,103103488.25612451
2023-12-17 09:00:00,851.0,854.0,835.0,837.0,112777374.56042287
2023-12-18 09:00:00,838.0,841.0,794.0,834.0,336424882.087501
2023-12-19 09:00:00,834.0,838.0,816.0,827.0,143194919.32394302
2023-12-20 09:00:00,827.0,848.0,820.0,838.0,182963290.47671166
2023-12-21 09:00:00,837.0,846.0,831.0,845.0,151137174.18733102
2023-12-22 09:00:00,846.0,860.0,836.0,846.0,218517614.95046085
2023-12-23 09:00:00,845.0,847.0,832.0,839.0,108182510.77997775
2023-12-24 09:00:00,839.0,845.0,821.0,825.0,171903384.48312882
2023-12-25 09:00:00,825.0,866.0,819.0,860.0,304475592.1722825
2023-12-26 09:00:00,859.0,861.0,819.0,833.0,213528561.9924255
2023-12-27 09:00:00,833.0,854.0,821.0,847.0,193245713.16508538
2023-12-28 09:00:00,846.0,874.0,838.0,847.0,318821419.75745153
2023-12-29 09:00:00,848.0,848.0,829.0,836.0,184718156.28146
2023-12-30 09:00:00,835.0,845.0,831.0,835.0,110863743.95642023
2023-12-31 09:00:00,835.0,841.0,826.0,832.0,99746154.07295449
2024-01-01 09:00:00,832.0,840.0,825.0,838.0,109778469.83264299
2024-01-02 09:00:00,839.0,852.0,834.0,838.0,202232664.20174858
2024-01-03 09:00:00,838.0,854.0,700.0,796.0,692341035.2517552
2024-01-04 09:00:00,796.0,800.0,768.0,791.0,247156193.88997957
2024-01-05 09:00:00,791.0,793.0,754.0,774.0,200065055.22252446
2024-01-06 09:00:00,774.0,774.0,753.0,767.0,113601037.99562079
2024-01-07 09:00:00,767.0,778.0,733.0,741.0,172760305.69321623
2024-01-08 09:00:00,742.0,803.0,732.0,776.0,481809943.3194218
2024-01-09 09:00:00,776.0,777.0,746.0,763.0,237857795.30272296
2024-01-10 09:00:00,763.0,836.0,739.0,818.0,434604148.3631036
2024-01-11 09:00:00,819.0,849.0,800.0,825.0,479756969.22841465
2024-01-12 09:00:00,825.0,827.0,778.0,791.0,318769822.93462795
2024-01-13 09:00:00,791.0,798.0,771.0,791.0,154753474.6657516
2024-01-14 09:00:00,791.0,815.0,786.0,792.0,145341242.4378295
2024-01-15 09:00:00,792.0,810.0,783.0,791.0,152241279.35850555
2024-01-16 09:00:00,791.0,796.0,782.0,791.0,135796288.85685474
2024-01-17 09:00:00,791.0,791.0,777.0,782.0,111234328.91075787
2024-01-18 09:00:00,782.0,782.0,759.0,766.0,145087205.67424664
2024-01-19 09:00:00,765.0,769.0,729.0,755.0,195793543.5481758
2024-01-20 09:00:00,754.0,766.0,745.0,763.0,86677830.20776667
2024-01-21 09:00:00,764.0,768.0,754.0,754.0,72167486.80250363
2024-01-22 09:00:00,754.0,758.0,723.0,729.0,185714247.41349825
2024-01-23 09:00:00,729.0,736.0,689.0,720.0,320073709.8228904
2024-01-24 09:00:00,720.0,720.0,705.0,713.0,130421546.26561011
2024-01-25 09:00:00,713.0,714.0,698.0,708.0,125360102.87430406
2024-01-26 09:00:00,709.0,738.0,702.0,732.0,160222986.52161044
2024-01-27 09:00:00,732.0,738.0,725.0,732.0,72221290.87713845
2024-01-28 09:00:00,732.0,737.0,716.1,721.0,71714242.54947709
2024-01-29 09:00:00,721.0,736.0,715.6,730.9,105926261.11584263
2024-01-30 09:00:00,730.9,735.0,699.2,701.7,254020657.58040532
2024-01-31 09:00:00,701.8,705.8,682.3,694.6,253972564.67342135
2024-02-01 09:00:00,694.6,699.5,676.2,695.2,189503352.50103885
2024-02-02 09:00:00,695.2,705.9,685.6,700.7,120704882.31390953
2024-02-03 09:00:00,700.8,726.5,695.0,714.5,218065908.836265
2024-02-04 09:00:00,714.5,715.5,693.7,695.0,105778288.39020261
2024-02-05 09:00:00,695.2,708.2,686.5,698.3,137639745.86336568
2024-02-06 09:00:00,698.3,698.9,686.7,692.0,113826432.74106197
2024-02-07 09:00:00,692.2,701.2,686.8,698.6,153608426.8237492
2024-02-08 09:00:00,698.6,706.7,696.4,704.2,147980352.5578206
2024-02-09 09:00:00,704.3,716.0,702.1,710.2,187275802.38396478
2024-02-10 09:00:00,710.2,715.0,700.2,708.0,97678282.18822911
2024-02-11 09:00:00,708.0,724.1,705.5,712.0,146518951.46460637
2024-02-12 09:00:00,712.0,721.1,700.4,713.0,181097308.11983937
2024-02-13 09:00:00,713.0,716.8,702.0,711.4,169288881.24335808
2024-02-14 09:00:00,711.3,731.9,706.0,728.3,255011807.42280602
2024-02-15 09:00:00,728.3,791.5,728.0,772.3,452639303.0696278
2024-02-16 09:00:00,772.1,796.1,762.5,780.9,294137118.01068723
2024-02-17 09:00:00,781.0,784.0,743.9,760.2,194011330.36029488
2024-02-18 09:00:00,760.2,772.5,755.2,768.4,123952082.54246825
2024-02-19 09:00:00,768.5,785.0,767.8,779.4,156250738.4493295
2024-02-20 09:00:00,779.2,792.2,759.7,776.0,301692061.6186632
2024-02-21 09:00:00,776.0,780.0,747.0,767.2,225771133.7532409
2024-02-22 09:00:00,767.3,767.3,751.6,754.7,141173209.60180423
2024-02-23 09:00:00,754.7,759.9,740.2,745.5,153197076.52964857
2024-02-24 09:00:00,745.2,758.9,741.0,751.4,129219556.06554498
2024-02-25 09:00:00,751.4,755.8,747.8,748.2,131485480.37748213
2024-02-26 09:00:00,748.1,757.9,731.3,755.6,214724380.1704642
2024-02-27 09:00:00,755.6,821.6,750.4,806.5,519499328.5436845
2024-02-28 09:00:00,806.4,839.0,779.0,807.5,677431054.5836754
2024-02-29 09:00:00,807.5,874.0,793.0,824.1,810726943.6660864
2024-03-01 09:00:00,824.2,844.9,824.0,842.5,350582761.2293487
2024-03-02 09:00:00,842.5,909.7,840.5,897.4,714547774.1238666
2024-03-03 09:00:00,897.4,899.1,823.5,874.2,452479061.0636856
2024-03-04 09:00:00,874.2,933.4,858.0,907.2,764544437.815771
2024-03-05 09:00:00,907.3,944.2,805.9,847.2,1187466818.1335027
2024-03-06 09:00:00,847.2,873.8,810.1,863.9,555965975.6709512
2024-03-07 09:00:00,863.9,897.3,856.0,882.0,513014719.56742525
2024-03-08 09:00:00,882.0,893.0,855.4,876.9,408108415.6233873
2024-03-09 09:00:00,877.0,890.0,864.2,872.0,289275170.96837884
2024-03-10 09:00:00,871.3,878.1,850.2,860.3,271206642.8820381
2024-03-11 09:00:00,860.4,1033.0,830.0,1006.0,1604368106.6657515
2024-03-12 09:00:00,1006.0,1019.0,950.0,974.6,816760183.1341441
2024-03-13 09:00:00,974.7,993.8,954.0,981.0,438034823.8845688
2024-03-14 09:00:00,980.9,1010.0,925.0,960.5,689555500.7465963
2024-03-15 09:00:00,960.5,971.1,875.0,921.0,730785623.531614
2024-03-16 09:00:00,921.0,943.0,871.0,891.3,404850122.47593886
2024-03-17 09:00:00,891.3,910.0,860.0,904.5,359970824.7731366
2024-03-18 09:00:00,904.5,979.0,881.1,943.8,556394456.299116
2024-03-19 09:00:00,943.8,953.4,860.0,872.0,643582358.7244891
2024-03-20 09:00:00,872.0,911.0,844.2,899.0,530898928.59807533
2024-03-21 09:00:00,898.7,955.6,874.3,932.6,618842874.9269111
2024-03-22 09:00:00,932.6,939.8,880.8,898.9,367351240.14989436
2024-03-23 09:00:00,898.9,918.3,885.8,897.6,212642895.67474413
2024-03-24 09:00:00,897.6,920.0,894.8,910.2,205057140.727297
2024-03-25 09:00:00,910.2,936.0,902.0,910.5,300539912.7249324
2024-03-26 09:00:00,910.6,919.7,899.9,903.7,343881733.64677763
2024-03-27 09:00:00,903.8,905.6,872.0,881.1,372842421.82429296
2024-03-28 09:00:00,881.0,906.9,870.2,890.7,325391094.7848855
2024-03-29 09:00:00,890.7,915.7,873.3,899.4,366175777.60381347
2024-03-30 09:00:00,899.4,908.8,887.6,891.3,165590132.19387132
2024-03-31 09:00:00,891.3,898.0,889.6,891.5,107831679.61633763
2024-04-01 09:00:00,891.6,897.0,862.0,878.5,255009054.08849183
2024-04-02 09:00:00,878.6,889.7,850.1,859.4,338605446.7848907
2024-04-03 09:00:00,859.3,863.3,832.2,839.0,268018238.15825343
2024-04-04 09:00:00,839.0,893.3,825.2,862.0,416313703.41232663
2024-04-05 09:00:00,862.0,862.7,833.0,851.6,206166357.15931976
2024-04-06 09:00:00,851.4,862.0,847.6,853.6,93972742.78273307
2024-04-07 09:00:00,853.6,862.8,849.6,851.9,97940385.9627516
2024-04-08 09:00:00,851.9,889.1,844.0,875.7,276046986.7754154
2024-04-09 09:00:00,875.8,914.6,860.6,883.0,432735763.90504116
2024-04-10 09:00:00,882.7,888.7,860.0,880.7,228301996.85334176
2024-04-11 09:00:00,880.7,884.8,868.3,873.3,153365523.06935778
2024-04-12 09:00:00,873.3,878.7,782.5,812.9,416311243.6266685
2024-04-13 09:00:00,813.0,814.4,671.1,725.7,666781707.445392
2024-04-14 09:00:00,725.7,766.2,707.0,757.9,415850571.60955995
2024-04-15 09:00:00,757.9,774.0,734.0,756.6,350996149.4628362
2024-04-16 09:00:00,756.5,757.4,719.9,743.5,279394690.9364858
2024-04-17 09:00:00,743.9,757.0,711.3,738.8,290021337.0639872
2024-04-18 09:00:00,738.8,743.0,719.0,739.5,235396364.99339908
2024-04-19 09:00:00,739.5,746.9,692.2,734.8,361182159.15133923
2024-04-20 09:00:00,734.8,774.0,731.0,772.0,211466223.60909432
2024-04-21 09:00:00,772.0,785.0,760.2,765.9,151661987.02119437
2024-04-22 09:00:00,765.9,829.0,762.5,807.8,227663622.73491392
2024-04-23 09:00:00,807.8,811.8,784.8,788.7,216361785.6289131
2024-04-24 09:00:00,788.7,795.2,760.2,766.9,211955289.90998384
2024-04-25 09:00:00,766.8,772.6,743.8,754.9,161591172.24814284
2024-04-26 09:00:00,755.1,768.7,741.5,758.5,139524672.63842404
2024-04-27 09:00:00,758.5,758.9,736.1,746.7,100452421.09880953
2024-04-28 09:00:00,746.7,755.0,730.5,731.9,85811384.63715234
2024-04-29 09:00:00,732.1,741.4,712.0,737.1,173844130.83822536
2024-04-30 09:00:00,737.1,743.4,700.3,718.0,198698846.5340682
2024-05-01 09:00:00,718.2,741.7,680.0,739.2,306321404.0792757
2024-05-02 09:00:00,739.5,743.0,715.0,728.5,133840381.78970708
2024-05-03 09:00:00,728.7,758.3,726.9,753.7,187254373.77576986
2024-05-04 09:00:00,753.7,765.0,742.0,750.2,122991847.3883023
2024-05-05 09:00:00,750.1,751.7,736.4,745.0,71547942.8414825
2024-05-06 09:00:00,745.0,798.8,737.7,758.0,247128283.51259968
2024-05-07 09:00:00,758.6,764.0,735.1,737.9,146118982.53803188
2024-05-08 09:00:00,737.9,744.1,721.2,725.2,153476148.0413132
2024-05-09 09:00:00,725.2,731.8,714.0,727.8,122103178.2375468
2024-05-10 09:00:00,727.8,727.8,700.8,709.0,171099937.60091585
2024-05-11 09:00:00,709.0,714.7,705.1,712.8,61766648.93362468
2024-05-12 09:00:00,713.6,716.8,702.0,703.3,58287866.84606987
2024-05-13 09:00:00,703.4,714.3,686.1,706.2,160406575.065552
2024-05-14 09:00:00,705.8,719.0,697.6,703.4,112331857.18313108
2024-05-15 09:00:00,703.4,723.3,699.0,721.3,149875795.27671877
2024-05-16 09:00:00,721.3,726.0,714.1,717.1,113982848.58127575
2024-05-17 09:00:00,717.3,730.0,715.2,724.4,96800325.58000524
2024-05-18 09:00:00,724.1,729.0,721.2,724.5,57952360.85015965
2024-05-19 09:00:00,724.6,726.8,706.2,709.0,79781880.86405881
2024-05-20 09:00:00,709.0,734.0,703.5,733.3,166247980.82331893
2024-05-21 09:00:00,733.3,767.4,726.6,740.8,240130940.94240156
2024-05-22 09:00:00,740.8,742.0,722.9,726.6,118290613.15454616
2024-05-23 09:00:00,726.6,763.8,710.0,738.7,305800034.00448924
2024-05-24 09:00:00,738.7,749.7,724.6,744.1,169453380.66937903
2024-05-25 09:00:00,744.1,754.2,741.8,752.1,92403961.57918108
2024-05-26 09:00:00,752.1,752.7,736.0,736.3,81229391.32163931
2024-05-27 09:00:00,736.5,746.5,730.5,738.9,108180967.86262283
2024-05-28 09:00:00,739.0,739.9,723.8,731.6,104796072.4765809
2024-05-29 09:00:00,731.4,739.1,724.0,728.2,147491166.30603364
2024-05-30 09:00:00,728.2,731.9,716.1,721.9,161629532.0891653
2024-05-31 09:00:00,722.1,734.4,719.6,724.4,110628193.67037874
2024-06-01 09:00:00,724.3,729.8,723.0,726.0,38738718.54642917
2024-06-02 09:00:00,725.9,727.8,716.1,720.2,58203480.45139127
2024-06-03 09:00:00,720.2,727.3,718.0,725.1,72305958.69409654
2024-06-04 09:00:00,724.6,733.8,721.8,727.2,87866523.32901554
2024-06-05 09:00:00,727.2,735.7,725.5,728.3,94332891.27621844
2024-06-06 09:00:00,728.0,733.1,722.1,725.0,110858654.3865047
2024-06-07 09:00:00,725.0,731.9,660.0,704.3,192477002.27096105
2024-06-08 09:00:00,704.3,706.6,694.0,698.0,80906367.74813233
2024-06-09 09:00:00,698.1,702.5,696.0,700.7,49813379.9090553
2024-06-10 09:00:00,700.7,706.9,691.7,695.3,76320754.3617799
2024-06-11 09:00:00,695.3,696.2,670.0,680.8,145323305.23279253
2024-06-12 09:00:00,680.8,699.7,670.1,690.2,132962127.36650932
2024-06-13 09:00:00,690.2,690.8,675.4,676.4,84415911.69737463
2024-06-14 09:00:00,676.5,681.0,662.3,675.7,104094224.37463728
2024-06-15 09:00:00,675.5,714.9,674.0,695.6,75259936.7937706
2024-06-16 09:00:00,695.5,707.5,689.8,691.1,78362985.75037861
2024-06-17 09:00:00,691.2,731.0,682.3,710.5,304441150.40078884
2024-06-18 09:00:00,710.5,718.6,671.0,689.8,236740259.85388845
2024-06-19 09:00:00,690.9,703.6,685.0,695.5,103264170.42450073
2024-06-20 09:00:00,695.6,708.2,691.5,691.6,111708015.94433182
2024-06-21 09:00:00,691.6,698.6,678.6,688.6,99677394.14697783
2024-06-22 09:00:00,688.7,690.9,685.1,688.6,36902108.47315229
2024-06-23 09:00:00,688.6,691.0,674.2,676.4,54726317.94087882
2024-06-24 09:00:00,676.5,680.2,656.1,671.5,159111763.91503736
2024-06-25 09:00:00,671.6,678.1,667.5,672.9,101630079.37271571
2024-06-26 09:00:00,672.9,675.6,659.5,664.0,94497158.72926003
2024-06-27 09:00:00,664.0,671.4,656.1,668.7,82955901.10688733
2024-06-28 09:00:00,668.8,675.0,663.0,665.0,72716385.1033031
2024-06-29 09:00:00,665.0,671.0,664.1,665.8,29648609.1233747
2024-06-30 09:00:00,665.8,669.9,660.9,667.5,41480720.88498486
2024-07-01 09:00:00,667.5,679.5,666.2,670.2,74405876.18937162
2024-07-02 09:00:00,670.2,686.1,668.5,681.2,78565586.21405306
2024-07-03 09:00:00,681.2,684.7,655.0,662.3,117442117.55499312
2024-07-04 09:00:00,662.5,665.3,619.2,619.9,214640202.57685655
2024-07-05 09:00:00,619.9,620.7,560.2,608.6,330724577.4632731
2024-07-06 09:00:00,608.6,639.7,603.0,637.6,93268544.79066372
2024-07-07 09:00:00,637.7,639.0,595.2,596.9,100675294.51336032
2024-07-08 09:00:00,597.0,628.0,578.0,612.5,165742911.97017643
2024-07-09 09:00:00,612.5,618.8,608.7,615.7,87782538.94456278
2024-07-10 09:00:00,615.7,625.3,611.1,621.7,103753375.83722554
2024-07-11 09:00:00,621.6,639.0,619.5,634.2,115398205.3429554
2024-07-12 09:00:00,634.8,676.0,629.4,667.4,213779502.5791656
2024-07-13 09:00:00,668.2,791.7,666.1,736.6,504496710.1213672
2024-07-14 09:00:00,737.0,758.6,720.0,730.5,295219462.80635965
2024-07-15 09:00:00,730.6,757.2,730.5,754.8,237118899.54657862
2024-07-16 09:00:00,754.8,828.1,744.9,809.0,657790430.8256321
2024-07-17 09:00:00,808.9,888.3,807.5,874.8,696130278.1149905
2024-07-18 09:00:00,874.6,887.9,785.9,800.0,783286632.7751833
2024-07-19 09:00:00,800.0,819.4,757.0,800.0,500362892.8100495
2024-07-20 09:00:00,800.0,845.5,798.1,831.8,339077340.8225778
2024-07-21 09:00:00,832.0,853.0,806.0,834.0,295325550.4590803
2024-07-22 09:00:00,834.0,869.3,818.5,849.4,352367368.56623447
2024-07-23 09:00:00,849.4,860.0,817.5,836.0,239951751.96540993
2024-07-24 09:00:00,835.9,883.1,826.0,864.6,357370621.9663801
2024-07-25 09:00:00,864.6,876.5,823.5,842.1,416471324.3915878
2024-07-26 09:00:00,842.1,854.9,820.5,841.3,220699156.58319488
2024-07-27 09:00:00,841.3,848.2,820.0,828.5,159248797.23880827
2024-07-28 09:00:00,829.0,856.8,821.9,839.8,146261522.19792542
2024-07-29 09:00:00,839.2,850.9,830.0,843.0,151792612.67893067
2024-07-30 09:00:00,842.6,890.3,835.6,879.5,404016178.0595485
2024-07-31 09:00:00,878.9,920.0,870.0,870.4,486853859.873236
2024-08-01 09:00:00,870.5,882.0,802.0,837.3,355334401.900434
2024-08-02 09:00:00,837.7,838.7,772.5,790.2,361564971.5181466
2024-08-03 09:00:00,790.0,814.5,763.6,786.3,249349796.71652317
2024-08-04 09:00:00,786.2,789.2,734.4,735.5,240090701.50070876
2024-08-05 09:00:00,736.0,740.5,628.0,703.8,919535540.873686
2024-08-06 09:00:00,703.8,750.1,703.1,724.0,340505666.9393964
2024-08-07 09:00:00,724.0,911.9,700.6,854.0,904833747.3571739
2024-08-08 09:00:00,854.3,900.2,821.0,862.2,807330486.6610817
2024-08-09 09:00:00,862.3,876.4,798.0,817.8,450733844.72375786
2024-08-10 09:00:00,817.8,846.5,813.1,821.3,243892070.46296948
2024-08-11 09:00:00,821.3,832.5,769.6,780.0,254137305.20304713
2024-08-12 09:00:00,780.0,813.9,775.0,795.9,252057974.64646995
2024-08-13 09:00:00,796.2,812.9,788.0,804.7,190755777.35793823
2024-08-14 09:00:00,804.8,810.0,790.0,798.0,153910735.43017554
2024-08-15 09:00:00,797.9,805.0,777.1,788.3,133500808.54871865
2024-08-16 09:00:00,788.3,796.1,777.4,787.0,109201844.29097433
2024-08-17 09:00:00,787.0,794.5,783.7,788.0,49496176.15259673
2024-08-18 09:00:00,788.0,810.2,784.7,784.8,82537007.86955161
2024-08-19 09:00:00,784.9,835.0,780.2,821.0,249382067.81576324
2024-08-20 09:00:00,820.7,834.8,804.6,812.1,179548500.80658123
2024-08-21 09:00:00,812.1,821.5,802.0,814.0,130886874.27737746
2024-08-22 09:00:00,814.0,817.6,806.1,810.9,90597150.69533776
2024-08-23 09:00:00,810.9,821.4,802.4,816.0,143765239.66680446
2024-08-24 09:00:00,816.0,843.0,810.2,820.1,180886729.04413098
2024-08-25 09:00:00,820.1,821.5,800.1,805.3,143081797.90492648
2024-08-26 09:00:00,805.2,807.0,780.0,789.2,144983160.3360449
2024-08-27 09:00:00,789.2,809.4,758.0,770.5,199979215.80128375
2024-08-28 09:00:00,770.5,792.8,762.6,777.0,152046838.86278716
2024-08-29 09:00:00,777.1,783.0,760.0,764.3,101980930.96743926
2024-08-30 09:00:00,764.2,772.9,748.5,770.8,109207497.82051627
2024-08-31 09:00:00,770.9,778.2,766.0,770.0,47567999.06750076
2024-09-01 09:00:00,770.0,771.1,745.1,747.8,79918478.02431604
2024-09-02 09:00:00,748.0,772.0,743.2,769.6,86744181.15095149
2024-09-03 09:00:00,769.6,776.4,757.9,758.1,80656563.00469795
2024-09-04 09:00:00,758.3,765.6,731.5,757.2,106372051.17950948
2024-09-05 09:00:00,757.6,758.8,735.3,740.1,82629663.01475647
2024-09-06 09:00:00,740.0,741.0,690.5,711.3,187994449.50510886
2024-09-07 09:00:00,711.2,724.1,706.5,714.0,57804834.13987722
2024-09-08 09:00:00,714.0,720.7,708.3,718.0,46622774.58398594
2024-09-09 09:00:00,718.0,734.9,714.7,731.0,69714977.67168343
2024-09-10 09:00:00,731.0,734.5,723.1,732.1,61782297.443388
2024-09-11 09:00:00,732.1,733.0,710.0,721.3,82854089.38135472
2024-09-12 09:00:00,720.9,805.0,720.3,756.7,310746798.37964815
2024-09-13 09:00:00,757.0,772.1,746.5,765.5,183096203.93050036
2024-09-14 09:00:00,766.2,804.1,763.1,798.3,170163271.49891436
2024-09-15 09:00:00,798.6,798.6,767.0,769.4,121004457.31678988
2024-09-16 09:00:00,769.4,797.1,754.4,789.9,132757630.8260787
2024-09-17 09:00:00,789.9,795.7,780.1,785.1,100727815.68454926
2024-09-18 09:00:00,785.4,785.4,760.0,783.1,125349578.53638624
2024-09-19 09:00:00,783.2,792.9,777.0,782.5,140132179.11075544
2024-09-20 09:00:00,782.5,789.5,770.5,781.9,152727854.19580397
2024-09-21 09:00:00,781.8,817.0,777.0,796.4,134508213.4023782
2024-09-22 09:00:00,796.2,809.7,776.1,784.2,135615469.33182624
2024-09-23 09:00:00,784.3,794.5,775.1,781.7,93613816.92428106
2024-09-24 09:00:00,781.7,788.5,779.0,783.9,92421482.10604855
2024-09-25 09:00:00,784.2,790.4,779.5,780.1,98172782.10962597
2024-09-26 09:00:00,780.1,785.0,770.0,780.0,121282010.4188721
2024-09-27 09:00:00,780.0,784.1,772.2,778.0,154244860.69810382
2024-09-28 09:00:00,778.1,820.0,774.2,807.8,409040505.339558
2024-09-29 09:00:00,807.7,869.9,802.0,838.9,370841398.67293817
2024-09-30 09:00:00,839.0,857.5,806.1,808.4,276153938.9662197
2024-10-01 09:00:00,808.4,837.8,780.0,800.0,340525148.5775464
2024-10-02 09:00:00,800.1,813.0,710.3,725.3,418688099.50641656
2024-10-03 09:00:00,725.3,735.4,690.0,707.6,463572822.5788091
2024-10-04 09:00:00,707.6,728.0,697.7,720.8,212519953.51363453
2024-10-05 09:00:00,720.9,723.9,712.0,716.6,93167083.67304263
2024-10-06 09:00:00,716.6,722.8,714.1,717.4,84776541.91620275
2024-10-07 09:00:00,717.2,732.0,714.1,714.4,162150161.86865667
2024-10-08 09:00:00,714.4,724.2,707.7,718.8,95914044.2061949
2024-10-09 09:00:00,718.3,722.5,710.0,712.8,82946750.62193507
2024-10-10 09:00:00,712.8,739.9,709.0,721.3,221281294.3329362
2024-10-11 09:00:00,721.4,733.0,720.2,727.3,100483843.50614043
2024-10-12 09:00:00,727.3,730.0,722.6,726.2,65555700.81998801
2024-10-13 09:00:00,726.2,726.5,711.2,718.2,70329174.47869503
2024-10-14 09:00:00,718.2,740.0,712.6,735.0,133612207.28061526
2024-10-15 09:00:00,735.0,745.8,723.1,732.0,171135902.03127638
2024-10-16 09:00:00,732.0,749.3,729.0,742.6,127827834.5030369
2024-10-17 09:00:00,742.2,769.3,739.2,740.2,202870362.3261925
2024-10-18 09:00:00,740.4,753.5,734.5,745.0,134459123.16994846
2024-10-19 09:00:00,745.0,748.3,738.3,743.1,75689384.78755718
2024-10-20 09:00:00,743.0,746.0,735.1,745.2,76140070.38525115
2024-10-21 09:00:00,745.2,766.6,740.6,746.1,177090895.8757381
2024-10-22 09:00:00,747.2,754.5,730.1,735.2,122186717.21447313
2024-10-23 09:00:00,735.2,736.3,713.0,728.1,93612769.50152238
2024-10-24 09:00:00,728.1,736.0,725.1,733.7,72875137.17503089
2024-10-25 09:00:00,733.7,733.8,693.0,706.9,125274990.98330905
2024-10-26 09:00:00,706.9,722.0,701.9,718.6,68580570.725255
2024-10-27 09:00:00,718.6,723.0,715.1,720.4,43320514.19932176
2024-10-28 09:00:00,720.5,726.0,715.2,723.3,89157535.6749712
2024-10-29 09:00:00,723.4,737.0,722.0,735.6,134725454.82811487
2024-10-30 09:00:00,735.7,735.8,721.1,727.1,89981435.25913036
2024-10-31 09:00:00,727.3,727.9,705.1,711.6,115620449.53171737
2024-11-01 09:00:00,711.6,729.4,700.0,718.0,164312949.1401504
2024-11-02 09:00:00,718.1,723.0,710.9,715.2,55003949.59011768
2024-11-03 09:00:00,715.1,716.1,686.1,701.8,154363338.22172987
2024-11-04 09:00:00,701.5,714.4,690.9,700.0,112361383.35136858
2024-11-05 09:00:00,700.1,724.3,698.6,713.0,130991525.63634746
2024-11-06 09:00:00,713.0,750.0,711.7,746.5,381590213.84719455
2024-11-07 09:00:00,746.4,798.7,738.2,763.2,374352214.8712425
2024-11-08 09:00:00,763.2,773.9,754.6,772.0,195998783.52335152
2024-11-09 09:00:00,772.0,777.3,760.2,774.5,159251710.7802504
2024-11-10 09:00:00,774.4,855.5,770.6,815.2,757388134.648594
2024-11-11 09:00:00,814.3,877.7,793.0,869.0,648229610.0837555
2024-11-12 09:00:00,869.0,1049.0,830.0,1002.0,2311371894.7893605
2024-11-13 09:00:00,1002.0,1064.0,916.0,978.0,1289250059.17686
2024-11-14 09:00:00,977.5,1197.0,968.5,1095.0,1552820511.47527
2024-11-15 09:00:00,1095.0,1299.0,1090.0,1259.0,1745039822.376281
2024-11-16 09:00:00,1259.0,1759.0,1237.0,1573.0,3339756665.682385
2024-11-17 09:00:00,1572.0,1640.0,1413.0,1485.0,1476845050.1205573
2024-11-18 09:00:00,1485.0,1661.0,1484.0,1566.0,1197946726.0927026
2024-11-19 09:00:00,1565.0,1613.0,1507.0,1548.0,588761973.2563356
2024-11-20 09:00:00,1548.0,1613.0,1484.0,1562.0,675603874.56479
2024-11-21 09:00:00,1562.0,1764.0,1532.0,1741.0,1008822892.8127241
2024-11-22 09:00:00,1741.0,2088.0,1741.0,2038.0,2624310678.2231236
2024-11-23 09:00:00,2039.0,2256.0,1979.0,2046.0,1414361428.849856
2024-11-24 09:00:00,2046.0,2098.0,1760.0,1991.0,1237026496.1483288
2024-11-25 09:00:00,1991.0,2119.0,1865.0,1975.0,949172377.5409399
2024-11-26 09:00:00,1974.0,2027.0,1803.0,1956.0,784219248.388693
2024-11-27 09:00:00,1955.0,2096.0,1895.0,2040.0,644933395.8686914
2024-11-28 09:00:00,2040.0,2152.0,2000.0,2147.0,432346615.6016894
2024-11-29 09:00:00,2148.0,2498.0,2123.0,2488.0,1278883890.2050815
2024-11-30 09:00:00,2488.0,2707.0,2443.0,2704.0,1256599272.7783272
2024-12-01 09:00:00,2703.0,3230.0,2580.0,3163.0,1151059335.4282398
2024-12-02 09:00:00,3162.0,3957.0,3093.0,3803.0,2491176963.8026524
2024-12-03 09:00:00,3803.0,4025.0,1623.0,3510.0,3098118228.87151
2024-12-04 09:00:00,3510.0,3752.0,3200.0,3323.0,1084662041.322989
2024-12-05 09:00:00,3325.0,3504.0,3021.0,3187.0,1165025117.5953138
2024-12-06 09:00:00,3189.0,3415.0,3150.0,3383.0,688036228.1937745
2024-12-07 09:00:00,3384.0,3643.0,3305.0,3632.0,620231241.3017668
2024-12-08 09:00:00,3632.0,3690.0,3492.0,3627.0,479351473.626376
2024-12-09 09:00:00,3628.0,3643.0,2935.0,3163.0,1056248055.4255357
2024-12-10 09:00:00,3164.0,3445.0,2772.0,3393.0,1525440650.4710667
2024-12-11 09:00:00,3393.0,3500.0,3176.0,3390.0,714060790.8709452
2024-12-12 09:00:00,3389.0,3514.0,3306.0,3339.0,475886130.65412277
2024-12-13 09:00:00,3339.0,3513.0,3279.0,3449.0,405136543.4823843
2024-12-14 09:00:00,3450.0,3598.0,3370.0,3451.0,441456922.33767694
2024-12-15 09:00:00,3449.0,3525.0,3418.0,3493.0,250214806.56703007
2024-12-16 09:00:00,3494.0,3711.0,3402.0,3592.0,531768350.6838884
2024-12-17 09:00:00,3593.0,3945.0,3535.0,3756.0,873772074.3697515
2024-12-18 09:00:00,3756.0,3798.0,3350.0,3409.0,727181596.9585415
2024-12-19 09:00:00,3409.0,3628.0,3245.0,3382.0,867077256.7957273
2024-12-20 09:00:00,3382.0,3531.0,2990.0,3452.0,1177434689.2415528
2024-12-21 09:00:00,3452.0,3575.0,3312.0,3400.0,460875825.9479278
2024-12-22 09:00:00,3399.0,3464.0,3310.0,3347.0,298811429.9890596
2024-12-23 09:00:00,3349.0,3430.0,3241.0,3401.0,364009920.1483207
2024-12-24 09:00:00,3400.0,3499.0,3338.0,3454.0,264936354.2450069
2024-12-25 09:00:00,3453.0,3487.0,3391.0,3423.0,257587748.31131786
2024-12-26 09:00:00,3423.0,3448.0,3215.0,3242.0,268685262.9762877
2024-12-27 09:00:00,3243.0,3353.0,3190.0,3233.0,251667613.2925237
2024-12-28 09:00:00,3232.0,3295.0,3207.0,3260.0,111049047.73589894
2024-12-29 09:00:00,3260.0,3280.0,3082.0,3124.0,162085990.04411876
2024-12-30 09:00:00,3124.0,3192.0,2967.0,3057.0,331583953.3265677
2024-12-31 09:00:00,3057.0,3228.0,2973.0,3105.0,302845112.6769927
2025-01-01 09:00:00,3104.0,3505.0,3098.0,3479.0,390936574.5293223
2025-01-02 09:00:00,3479.0,3665.0,3460.0,3561.0,385130444.85111994
2025-01-03 09:00:00,3562.0,3654.0,3540.0,3619.0,243421846.53586748
2025-01-04 09:00:00,3618.0,3688.0,3556.0,3570.0,209852861.06851292
2025-01-05 09:00:00,3570.0,3586.0,3431.0,3529.0,215105671.80628198
2025-01-06 09:00:00,3530.0,3596.0,3490.0,3553.0,167551364.1011038
2025-01-07 09:00:00,3552.0,3606.0,3375.0,3393.0,260710368.86782405
2025-01-08 09:00:00,3393.0,3584.0,3350.0,3553.0,342490264.62419415
2025-01-09 09:00:00,3552.0,3578.0,3390.0,3430.0,216055663.00733888
2025-01-10 09:00:00,3431.0,3558.0,3401.0,3526.0,172452210.13565227
2025-01-11 09:00:00,3525.0,3894.0,3509.0,3852.0,339429418.8233102
2025-01-12 09:00:00,3852.0,3866.0,3715.0,3764.0,217869193.35242155
2025-01-13 09:00:00,3765.0,3845.0,3550.0,3794.0,433169098.3783578
2025-01-14 09:00:00,3794.0,4000.0,3759.0,3961.0,335917578.54664963
2025-01-15 09:00:00,3960.0,4690.0,3932.0,4617.0,967744296.2404122
2025-01-16 09:00:00,4620.0,4973.0,4292.0,4758.0,1054367355.0701892
2025-01-17 09:00:00,4756.0,4935.0,4700.0,4820.0,405691869.3120251
2025-01-18 09:00:00,4822.0,4890.0,4578.0,4865.0,386724787.92165303
2025-01-19 09:00:00,4865.0,4885.0,4319.0,4510.0,446184003.5765529
2025-01-20 09:00:00,4512.0,4984.0,4433.0,4656.0,777588794.1270126
2025-01-21 09:00:00,4656.0,4797.0,4551.0,4707.0,321665579.191925
2025-01-22 09:00:00,4709.0,4850.0,4693.0,4749.0,220103414.1354887
2025-01-23 09:00:00,4747.0,4752.0,4562.0,4652.0,211442106.38979518
2025-01-24 09:00:00,4652.0,4765.0,4570.0,4653.0,199872038.01228294
2025-01-25 09:00:00,4653.0,4708.0,4645.0,4669.0,68089739.51709607
2025-01-26 09:00:00,4668.0,4704.0,4586.0,4610.0,79042452.32763882
2025-01-27 09:00:00,4607.0,4638.0,4197.0,4634.0,490726553.0543536
2025-01-28 09:00:00,4634.0,4843.0,4554.0,4710.0,291310227.7115142
2025-01-29 09:00:00,4710.0,4768.0,4612.0,4706.0,150051096.3704598
2025-01-30 09:00:00,4707.0,4758.0,4683.0,4721.0,113116588.08588693
2025-01-31 09:00:00,4721.0,4732.0,4605.0,4639.0,123130115.39562789
2025-02-01 09:00:00,4639.0,4687.0,4409.0,4500.0,135352322.54638684
2025-02-02 09:00:00,4500.0,4600.0,3954.0,4068.0,575220922.8362072
2025-02-03 09:00:00,4069.0,4349.0,3133.0,4218.0,1952574867.8873613
2025-02-04 09:00:00,4218.0,4349.0,3856.0,3984.0,683566857.5320965
2025-02-05 09:00:00,3984.0,4035.0,3701.0,3732.0,319513109.781148
2025-02-06 09:00:00,3733.0,3832.0,3563.0,3644.0,311085737.7570076
2025-02-07 09:00:00,3646.0,3918.0,3497.0,3715.0,444633031.9814134
2025-02-08 09:00:00,3713.0,3759.0,3635.0,3729.0,142728003.3635483
2025-02-09 09:00:00,3729.0,3848.0,3573.0,3661.0,208085335.0942939
2025-02-10 09:00:00,3661.0,3745.0,3557.0,3675.0,175675430.7587021
2025-02-11 09:00:00,3675.0,3810.0,3626.0,3681.0,176394125.30685115
2025-02-12 09:00:00,3680.0,3768.0,3562.0,3737.0,200345174.46846333
2025-02-13 09:00:00,3737.0,3922.0,3658.0,3858.0,173584832.45236552
2025-02-14 09:00:00,3859.0,4239.0,3813.0,4118.0,364099222.50588524
2025-02-15 09:00:00,4118.0,4263.0,4098.0,4172.0,173140901.21749416
2025-02-16 09:00:00,4174.0,4220.0,4070.0,4131.0,111485665.55770928
2025-02-17 09:00:00,4132.0,4160.0,3946.0,4008.0,152663580.64191464
2025-02-18 09:00:00,4009.0,4020.0,3736.0,3853.0,205126787.74437237
2025-02-19 09:00:00,3852.0,4105.0,3764.0,4088.0,194453828.16941366
2025-02-20 09:00:00,4088.0,4104.0,3962.0,3981.0,140932844.7850717
2025-02-21 09:00:00,3981.0,4000.0,3731.0,3816.0,188636026.8017316
2025-02-22 09:00:00,3816.0,3855.0,3777.0,3796.0,75510107.89645922
2025-02-23 09:00:00,3796.0,3830.0,3702.0,3779.0,94931510.18814835
2025-02-24 09:00:00,3779.0,3820.0,3251.0,3294.0,414134153.1135956
2025-02-25 09:00:00,3294.0,3450.0,2986.0,3391.0,913037128.2450421
2025-02-26 09:00:00,3391.0,3408.0,3151.0,3205.0,305875558.64111066
2025-02-27 09:00:00,3205.0,3305.0,3141.0,3222.0,232651909.7295862
2025-02-28 09:00:00,3223.0,3228.0,2914.0,3163.0,525863921.3520625
2025-03-01 09:00:00,3163.0,3303.0,3121.0,3263.0,200253635.65696487
2025-03-02 09:00:00,3263.0,4465.0,3232.0,4440.0,880397091.5235032
2025-03-03 09:00:00,4439.0,4488.0,3452.0,3602.0,786924044.2057604
2025-03-04 09:00:00,3602.0,3812.0,3338.0,3668.0,681441124.2799711
2025-03-05 09:00:00,3668.0,3802.0,3606.0,3723.0,282965967.41507983
2025-03-06 09:00:00,3723.0,3933.0,3677.0,3866.0,307292274.33957076
2025-03-07 09:00:00,3865.0,3906.0,3506.0,3559.0,487202741.9843487
2025-03-08 09:00:00,3559.0,3601.0,3429.0,3472.0,188813698.41686562
2025-03-09 09:00:00,3474.0,3502.0,3130.0,3207.0,349550347.65419704
2025-03-10 09:00:00,3207.0,3364.0,3000.0,3025.0,490522818.5062992
2025-03-11 09:00:00,3024.0,3284.0,2853.0,3226.0,550747559.4382727
2025-03-12 09:00:00,3226.0,3378.0,3185.0,3314.0,362269518.0313347
2025-03-13 09:00:00,3314.0,3477.0,3284.0,3336.0,281896923.813503
2025-03-14 09:00:00,3336.0,3514.0,3312.0,3473.0,172788543.59058523
2025-03-15 09:00:00,3473.0,3649.0,3466.0,3517.0,202183538.5627991
2025-03-16 09:00:00,3518.0,3550.0,3346.0,3379.0,203743666.80317175
2025-03-17 09:00:00,3379.0,3473.0,3375.0,3421.0,117901698.51576453
2025-03-18 09:00:00,3422.0,3425.0,3278.0,3348.0,163890823.2857856
2025-03-19 09:00:00,3348.0,3808.0,3314.0,3730.0,516088732.7398629
2025-03-20 09:00:00,3729.0,3751.0,3540.0,3591.0,256944199.33943605
2025-03-21 09:00:00,3591.0,3634.0,3490.0,3528.0,151471187.67422253
2025-03-22 09:00:00,3527.0,3562.0,3498.0,3510.0,75914345.60158725
2025-03-23 09:00:00,3509.0,3598.0,3498.0,3594.0,87419081.91311824
2025-03-24 09:00:00,3594.0,3693.0,3563.0,3606.0,137682762.6121261
2025-03-25 09:00:00,3606.0,3646.0,3553.0,3607.0,97935278.95778222
2025-03-26 09:00:00,3607.0,3649.0,3448.0,3481.0,135672524.34753892
2025-03-27 09:00:00,3480.0,3529.0,3408.0,3452.0,103931534.23405986
2025-03-28 09:00:00,3454.0,3457.0,3216.0,3292.0,194955511.7298219
2025-03-29 09:00:00,3291.0,3318.0,3067.0,3185.0,219198180.43868965
2025-03-30 09:00:00,3186.0,3312.0,3160.0,3190.0,135782570.57881206
2025-03-31 09:00:00,3192.0,3200.0,3022.0,3116.0,203767015.56946582
2025-04-01 09:00:00,3117.0,3269.0,3072.0,3178.0,179842765.8098933
2025-04-02 09:00:00,3180.0,3289.0,2955.0,3010.0,270714312.14676565
2025-04-03 09:00:00,3010.0,3086.0,2922.0,3056.0,200343396.52797556
2025-04-04 09:00:00,3056.0,3189.0,2994.0,3130.0,202017854.84745413
2025-04-05 09:00:00,3131.0,3209.0,3117.0,3166.0,79327039.12293883
2025-04-06 09:00:00,3166.0,3185.0,2800.0,2880.0,255543834.8593653
2025-04-07 09:00:00,2881.0,2990.0,2426.0,2829.0,1097697146.6867807
2025-04-08 09:00:00,2829.0,2942.0,2666.0,2694.0,355156837.3907639
2025-04-09 09:00:00,2694.0,3082.0,2595.0,3016.0,501196851.5248434
2025-04-10 09:00:00,3016.0,3024.0,2856.0,2909.0,250313345.67708436
2025-04-11 09:00:00,2908.0,2996.0,2879.0,2944.0,143608948.162084
2025-04-12 09:00:00,2944.0,3170.0,2925.0,3125.0,174793345.80733827
2025-04-13 09:00:00,3125.0,3259.0,3023.0,3078.0,203177739.17559034
2025-04-14 09:00:00,3078.0,3155.0,3056.0,3085.0,135801360.72705576
2025-04-15 09:00:00,3088.0,3166.0,3046.0,3047.0,121558748.33029626
2025-04-16 09:00:00,3046.0,3079.0,2966.0,3019.0,156096552.43078706
2025-04-17 09:00:00,3020.0,3054.0,2974.0,2985.0,99940239.57468706
2025-04-18 09:00:00,2987.0,3023.0,2953.0,2984.0,79416456.6044824
2025-04-19 09:00:00,2985.0,3025.0,2983.0,3009.0,50198123.07948793
2025-04-20 09:00:00,3009.0,3018.0,2951.0,2994.0,64836913.80349786
2025-04-21 09:00:00,2994.0,3062.0,2970.0,3006.0,112206333.17485417
2025-04-22 09:00:00,3006.0,3217.0,2980.0,3170.0,167844389.63299838
2025-04-23 09:00:00,3168.0,3296.0,3143.0,3180.0,193196362.2064905
2025-04-24 09:00:00,3181.0,3206.0,3055.0,3160.0,132676685.18705703
2025-04-25 09:00:00,3160.0,3196.0,3122.0,3149.0,97280757.79449007
2025-04-26 09:00:00,3149.0,3235.0,3145.0,3160.0,86232088.63751505
2025-04-27 09:00:00,3160.0,3299.0,3129.0,3243.0,148859798.31231174
2025-04-28 09:00:00,3244.0,3390.0,3203.0,3303.0,174173257.5943141
2025-04-29 09:00:00,3303.0,3335.0,3216.0,3235.0,89619294.60599881
2025-04-30 09:00:00,3235.0,3249.0,3070.0,3163.0,119069135.3844321
2025-05-01 09:00:00,3163.0,3244.0,3156.0,3189.0,68338051.15808997
2025-05-02 09:00:00,3190.0,3220.0,3138.0,3158.0,64860103.28485226
2025-05-03 09:00:00,3158.0,3168.0,3123.0,3141.0,37716521.84458546
2025-05-04 09:00:00,3141.0,3180.0,3094.0,3101.0,49174254.72971161
2025-05-05 09:00:00,3101.0,3130.0,3006.0,3038.0,80629977.19819295
2025-05-06 09:00:00,3038.0,3068.0,2963.0,3057.0,96160427.39658725
2025-05-07 09:00:00,3057.0,3076.0,2991.0,3018.0,56222408.35286857
2025-05-08 09:00:00,3019.0,3262.0,3002.0,3262.0,151822564.62325573
2025-05-09 09:00:00,3262.0,3393.0,3210.0,3267.0,215510627.71166924
2025-05-10 09:00:00,3268.0,3425.0,3266.0,3417.0,147682329.60126844
2025-05-11 09:00:00,3417.0,3434.0,3267.0,3307.0,121575215.26849489
2025-05-12 09:00:00,3307.0,3707.0,3298.0,3587.0,451484644.03319377
2025-05-13 09:00:00,3587.0,3639.0,3433.0,3618.0,217406969.68656963
2025-05-14 09:00:00,3618.0,3709.0,3560.0,3592.0,180535165.276651
2025-05-15 09:00:00,3594.0,3615.0,3314.0,3363.0,200292808.11277354
2025-05-16 09:00:00,3364.0,3435.0,3311.0,3370.0,123341041.35643551
2025-05-17 09:00:00,3370.0,3387.0,3280.0,3347.0,95374670.39747095
2025-05-18 09:00:00,3347.0,3460.0,3330.0,3428.0,88546153.68023142
2025-05-19 09:00:00,3428.0,3446.0,3255.0,3352.0,121737702.15598665
2025-05-20 09:00:00,3350.0,3385.0,3283.0,3323.0,74201134.43566018
2025-05-21 09:00:00,3322.0,3366.0,3274.0,3328.0,92888573.576287
2025-05-22 09:00:00,3331.0,3408.0,3325.0,3369.0,96925916.9275256
2025-05-23 09:00:00,3369.0,3426.0,3200.0,3211.0,166208096.8614756
2025-05-24 09:00:00,3212.0,3290.0,3200.0,3257.0,45647932.56370754
2025-05-25 09:00:00,3257.0,3271.0,3185.0,3269.0,56768549.58334189
2025-05-26 09:00:00,3270.0,3279.0,3197.0,3216.0,50439316.47662089
2025-05-27 09:00:00,3217.0,3257.0,3160.0,3215.0,70913027.26343958
2025-05-28 09:00:00,3215.0,3224.0,3117.0,3170.0,60311447.86257946
2025-05-29 09:00:00,3170.0,3215.0,3127.0,3136.0,61855636.46751806
2025-05-30 09:00:00,3136.0,3146.0,3015.0,3029.0,129411584.1879042
2025-05-31 09:00:00,3029.0,3123.0,2953.0,3072.0,117692337.85925272
2025-06-01 09:00:00,3072.0,3091.0,3011.0,3073.0,46662489.86798693
2025-06-02 09:00:00,3073.0,3087.0,3010.0,3073.0,52976344.58164807
2025-06-03 09:00:00,3072.0,3178.0,3061.0,3133.0,65758829.6192518
2025-06-04 09:00:00,3133.0,3159.0,3053.0,3056.0,52156762.63944656
2025-06-05 09:00:00,3057.0,3079.0,2885.0,2924.0,106077077.77395298
2025-06-06 09:00:00,2925.0,3039.0,2903.0,3005.0,57236400.8299796
2025-06-07 09:00:00,3005.0,3037.0,2989.0,3018.0,25262876.75385557
2025-06-08 09:00:00,3018.0,3163.0,3006.0,3121.0,80369879.44138956
2025-06-09 09:00:00,3121.0,3176.0,3063.0,3164.0,73427495.69095223
2025-06-10 09:00:00,3165.0,3176.0,3112.0,3154.0,71302726.33909702
2025-06-11 09:00:00,3153.0,3208.0,3113.0,3130.0,78594292.62393661
2025-06-12 09:00:00,3130.0,3132.0,3002.0,3020.0,70794302.7475611
2025-06-13 09:00:00,3022.0,3022.0,2903.0,2984.0,129252317.16792545
2025-06-14 09:00:00,2985.0,3019.0,2940.0,2973.0,49124815.51558072
2025-06-15 09:00:00,2974.0,3012.0,2973.0,2994.0,33687431.04468624
2025-06-16 09:00:00,2996.0,3200.0,2974.0,3073.0,127776574.55612095
2025-06-17 09:00:00,3077.0,3105.0,2985.0,3001.0,99224718.40311877
2025-06-18 09:00:00,3001.0,3024.0,2945.0,3005.0,77872410.43752995
2025-06-19 09:00:00,3005.0,3025.0,2981.0,2998.0,37684357.62823073
2025-06-20 09:00:00,2998.0,3007.0,2916.0,2953.0,67183936.57793874
2025-06-21 09:00:00,2954.0,2981.0,2821.0,2884.0,79700892.97288305
2025-06-22 09:00:00,2883.0,2925.0,2670.0,2816.0,217378709.08525777
2025-06-23 09:00:00,2816.0,3010.0,2750.0,2991.0,150435252.49302015
2025-06-24 09:00:00,2991.0,3055.0,2951.0,3005.0,98806045.32113485
2025-06-25 09:00:00,3005.0,3062.0,2987.0,3000.0,65536621.35967085
2025-06-26 09:00:00,3000.0,3028.0,2877.0,2889.0,98725860.48124072
2025-06-27 09:00:00,2890.0,2958.0,2848.0,2942.0,83114512.3842346
2025-06-28 09:00:00,2942.0,3023.0,2930.0,2995.0,64798805.61861533
2025-06-29 09:00:00,2995.0,3030.0,2985.0,3012.0,35271655.43765593
2025-06-30 09:00:00,3012.0,3080.0,2963.0,3035.0,67964430.03232409
2025-07-01 09:00:00,3035.0,3058.0,2957.0,2984.0,64434281.65974468
2025-07-02 09:00:00,2984.0,3102.0,2961.0,3024.0,83499982.40571027
2025-07-03 09:00:00,3024.0,3136.0,3015.0,3063.0,95870213.42968827
2025-07-04 09:00:00,3063.0,3088.0,3011.0,3035.0,51356872.67408708
2025-07-05 09:00:00,3035.0,3053.0,3020.0,3034.0,18540141.58778702
2025-07-06 09:00:00,3034.0,3120.0,3025.0,3089.0,60641409.47567678
2025-07-07 09:00:00,3089.0,3198.0,3075.0,3111.0,96778816.38427834
2025-07-08 09:00:00,3110.0,3156.0,3080.0,3143.0,51162736.70653979
2025-07-09 09:00:00,3142.0,3287.0,3133.0,3259.0,120281818.91768362
2025-07-10 09:00:00,3259.0,3450.0,3245.0,3432.0,153371933.36517656
2025-07-11 09:00:00,3432.0,3989.0,3383.0,3674.0,513992304.0433329
2025-07-12 09:00:00,3674.0,3850.0,3603.0,3720.0,245562540.65603888
2025-07-13 09:00:00,3722.0,3899.0,3704.0,3846.0,174057701.4199993
2025-07-14 09:00:00,3846.0,4099.0,3828.0,4043.0,364109826.53716195
2025-07-15 09:00:00,4040.0,4045.0,3827.0,3982.0,287400268.881124
2025-07-16 09:00:00,3983.0,4200.0,3938.0,4125.0,217564921.97983855
2025-07-17 09:00:00,4125.0,4805.0,4092.0,4741.0,551062939.038636
2025-07-18 09:00:00,4741.0,4972.0,4561.0,4662.0,567412036.4621167
2025-07-19 09:00:00,4661.0,4769.0,4605.0,4690.0,168848490.07846758
2025-07-20 09:00:00,4691.0,4828.0,4655.0,4716.0,207723648.15877932
2025-07-21 09:00:00,4716.0,4935.0,4658.0,4842.0,215721623.16699564
2025-07-22 09:00:00,4842.0,4878.0,4665.0,4808.0,204275959.61402813
2025-07-23 09:00:00,4807.0,4810.0,4150.0,4344.0,450344936.2471418
2025-07-24 09:00:00,4344.0,4442.0,4010.0,4277.0,463337508.40641624
2025-07-25 09:00:00,4277.0,4320.0,4127.0,4280.0,208190516.55280402
2025-07-26 09:00:00,4280.0,4390.0,4241.0,4325.0,98473194.80833396
2025-07-27 09:00:00,4325.0,4417.0,4314.0,4409.0,106876164.04055487
2025-07-28 09:00:00,4409.0,4514.0,4287.0,4299.0,185364779.4180792
2025-07-29 09:00:00,4298.0,4377.0,4239.0,4330.0,112480633.85377769
2025-07-30 09:00:00,4330.0,4349.0,4205.0,4284.0,120487084.8483197
2025-07-31 09:00:00,4284.0,4377.0,4210.0,4212.0,105519616.7139927
2025-08-01 09:00:00,4212.0,4235.0,4057.0,4126.0,236234522.43601504
2025-08-02 09:00:00,4125.0,4210.0,3836.0,3875.0,207180274.63059253
2025-08-03 09:00:00,3876.0,4153.0,3811.0,4140.0,162112490.75498408
2025-08-04 09:00:00,4140.0,4297.0,4106.0,4275.0,163467378.6590341
2025-08-05 09:00:00,4276.0,4334.0,4101.0,4155.0,141593354.22555974
2025-08-06 09:00:00,4154.0,4200.0,4059.0,4164.0,93590636.39442588
2025-08-07 09:00:00,4163.0,4595.0,4140.0,4568.0,212595646.2129574
2025-08-08 09:00:00,4568.0,4664.0,4423.0,4503.0,270420459.8801941
2025-08-09 09:00:00,4503.0,4590.0,4420.0,4442.0,143393605.45643735
2025-08-10 09:00:00,4440.0,4500.0,4321.0,4382.0,136551096.82480082
2025-08-11 09:00:00,4382.0,4555.0,4315.0,4334.0,196165496.35904637
2025-08-12 09:00:00,4333.0,4510.0,4282.0,4465.0,159436559.52288535
2025-08-13 09:00:00,4466.0,4538.0,4400.0,4467.0,167679675.59860054
2025-08-14 09:00:00,4467.0,4560.0,4188.0,4289.0,307154844.13426745
2025-08-15 09:00:00,4289.0,4352.0,4201.0,4302.0,102234626.94826354
2025-08-16 09:00:00,4302.0,4375.0,4295.0,4315.0,64920085.38190225
2025-08-17 09:00:00,4315.0,4352.0,4282.0,4296.0,61494000.50634062
2025-08-18 09:00:00,4296.0,4303.0,4104.0,4252.0,153119139.45922285
2025-08-19 09:00:00,4251.0,4279.0,3970.0,3990.0,144935804.68492937
2025-08-20 09:00:00,3990.0,4152.0,3954.0,4109.0,132249511.38675724
2025-08-21 09:00:00,4110.0,4120.0,3990.0,4000.0,74545008.48888372
2025-08-22 09:00:00,4000.0,4286.0,3901.0,4236.0,265089702.60603833
2025-08-23 09:00:00,4235.0,4243.0,4101.0,4215.0,97426180.94343805
2025-08-24 09:00:00,4215.0,4307.0,4162.0,4201.0,107668114.83685055
2025-08-25 09:00:00,4201.0,4234.0,4017.0,4046.0,114551819.75014532
2025-08-26 09:00:00,4046.0,4300.0,4032.0,4216.0,100180439.06718512
2025-08-27 09:00:00,4216.0,4241.0,4150.0,4158.0,75792996.57048628
2025-08-28 09:00:00,4156.0,4204.0,4120.0,4134.0,71025983.31888038
2025-08-29 09:00:00,4134.0,4150.0,3900.0,3961.0,227937156.11099157
2025-08-30 09:00:00,3961.0,3966.0,3855.0,3928.0,120032100.40600185
2025-08-31 09:00:00,3928.0,4000.0,3862.0,3868.0,84756379.38926694
2025-09-01 09:00:00,3868.0,3945.0,3750.0,3849.0,173587897.04253417
2025-09-02 09:00:00,3849.0,3988.0,3831.0,3983.0,111127380.32026216
2025-09-03 09:00:00,3983.0,3998.0,3919.0,3944.0,71372817.82092407
2025-09-04 09:00:00,3944.0,3987.0,3917.0,3927.0,78099050.68589818
2025-09-05 09:00:00,3927.0,4012.0,3901.0,3944.0,87973040.8665316
2025-09-06 09:00:00,3944.0,3957.0,3925.0,3935.0,28618990.35037903
2025-09-07 09:00:00,3936.0,4092.0,3935.0,4013.0,73301721.30159654
2025-09-08 09:00:00,4013.0,4167.0,4002.0,4138.0,105480218.78587614
2025-09-09 09:00:00,4138.0,4209.0,4087.0,4109.0,98221614.56481
2025-09-10 09:00:00,4109.0,4194.0,4092.0,4150.0,62837248.76762609
2025-09-11 09:00:00,4150.0,4234.0,4126.0,4223.0,94380703.15179852
2025-09-12 09:00:00,4224.0,4343.0,4210.0,4312.0,108538256.33408897
2025-09-13 09:00:00,4311.0,4412.0,4282.0,4324.0,120243437.25397708
2025-09-14 09:00:00,4324.0,4329.0,4176.0,4209.0,90098430.1728223
2025-09-15 09:00:00,4209.0,4255.0,4112.0,4182.0,97827654.54255024
2025-09-16 09:00:00,4182.0,4249.0,4130.0,4224.0,60598787.77807896
2025-09-17 09:00:00,4224.0,4311.0,4162.0,4270.0,87809145.10651866
2025-09-18 09:00:00,4271.0,4353.0,4247.0,4270.0,112386065.05329154
2025-09-19 09:00:00,4269.0,4295.0,4184.0,4197.0,82315872.23193425
2025-09-20 09:00:00,4197.0,4217.0,4151.0,4176.0,51121889.53133137
2025-09-21 09:00:00,4175.0,4214.0,4145.0,4162.0,61889936.46808721
2025-09-22 09:00:00,4162.0,4169.0,3953.0,4073.0,210182839.60646245
2025-09-23 09:00:00,4072.0,4111.0,3983.0,4025.0,84179395.742859
2025-09-24 09:00:00,4024.0,4230.0,3992.0,4149.0,96722253.95936763
2025-09-25 09:00:00,4150.0,4181.0,3978.0,3987.0,141340496.9914189
2025-09-26 09:00:00,3986.0,4030.0,3924.0,4015.0,104237800.52211206
2025-09-27 09:00:00,4016.0,4070.0,3980.0,4034.0,42445199.89785138
2025-09-28 09:00:00,4034.0,4065.0,3995.0,4056.0,35940990.23960652
